Rejet,Cassation,Irrecevabilité,Autre
moyen,violer texte,irrecevable,lieu
régulier forme,cassation encourir,pourvoi,convier
violer article,texte,recevabilité,sans objet
fonder,statuer,pas recevable,déchéance
moyen ne,violer,recevabilité pourvoi,moyen nature
pas fonder,fonder article,pourvoi irrecevable,cassation constater
régulier,susviser,fonder arrêt,pourvoi
légalement,texte susviser,irrecevable pourvoi,recours pièce
arrêt régulier,susvisé,connexité recevabilité,examiner recevabilité
légalement justifier,texte susvisé,pourvoir,déchéance encourir
reproche,appel violer,pourvoi déclarer,pénal examiner
ne,arrêt retenir,pourvoi ne,désistement régulier
